model,scenario,severity,metric,value
logistic_regression,clean,0.0,accuracy,0.7208888888888889
logistic_regression,clean,0.0,precision,0.14202898550724638
logistic_regression,clean,0.0,recall,0.7313432835820896
logistic_regression,clean,0.0,f1,0.23786407766990292
logistic_regression,clean,0.0,roc_auc,0.7866503964111391
random_forest,clean,0.0,accuracy,0.9244444444444444
random_forest,clean,0.0,precision,0.29069767441860467
random_forest,clean,0.0,recall,0.1865671641791045
random_forest,clean,0.0,f1,0.22727272727272727
random_forest,clean,0.0,roc_auc,0.7742572581327767
logistic_regression,missing_values,0.05,accuracy,0.7124444444444444
logistic_regression,missing_values,0.05,precision,0.1340941512125535
logistic_regression,missing_values,0.05,recall,0.7014925373134329
logistic_regression,missing_values,0.05,f1,0.2251497005988024
logistic_regression,missing_values,0.05,roc_auc,0.7696512710549333
random_forest,missing_values,0.05,accuracy,0.9248888888888889
random_forest,missing_values,0.05,precision,0.26666666666666666
random_forest,missing_values,0.05,recall,0.14925373134328357
random_forest,missing_values,0.05,f1,0.19138755980861244
random_forest,missing_values,0.05,roc_auc,0.7569266145642298
logistic_regression,missing_values,0.15,accuracy,0.7128888888888889
logistic_regression,missing_values,0.15,precision,0.12790697674418605
logistic_regression,missing_values,0.15,recall,0.6567164179104478
logistic_regression,missing_values,0.15,f1,0.2141119221411192
logistic_regression,missing_values,0.15,roc_auc,0.7449002623931383
random_forest,missing_values,0.15,accuracy,0.9217777777777778
random_forest,missing_values,0.15,precision,0.23076923076923078
random_forest,missing_values,0.15,recall,0.13432835820895522
random_forest,missing_values,0.15,f1,0.16981132075471697
random_forest,missing_values,0.15,roc_auc,0.7260813136585504
logistic_regression,missing_values,0.3,accuracy,0.7093333333333334
logistic_regression,missing_values,0.3,precision,0.11194029850746269
logistic_regression,missing_values,0.3,recall,0.5597014925373134
logistic_regression,missing_values,0.3,f1,0.1865671641791045
logistic_regression,missing_values,0.3,roc_auc,0.7256510453404057
random_forest,missing_values,0.3,accuracy,0.9288888888888889
random_forest,missing_values,0.3,precision,0.2833333333333333
random_forest,missing_values,0.3,recall,0.12686567164179105
random_forest,missing_values,0.3,f1,0.17525773195876287
random_forest,missing_values,0.3,roc_auc,0.7059574528115566
logistic_regression,outliers,0.05,accuracy,0.6884444444444444
logistic_regression,outliers,0.05,precision,0.11740890688259109
logistic_regression,outliers,0.05,recall,0.6492537313432836
logistic_regression,outliers,0.05,f1,0.19885714285714284
logistic_regression,outliers,0.05,roc_auc,0.684518099483678
random_forest,outliers,0.05,accuracy,0.9248888888888889
random_forest,outliers,0.05,precision,0.30337078651685395
random_forest,outliers,0.05,recall,0.20149253731343283
random_forest,outliers,0.05,f1,0.242152466367713
random_forest,outliers,0.05,roc_auc,0.7621286290663883
logistic_regression,outliers,0.15,accuracy,0.6666666666666666
logistic_regression,outliers,0.15,precision,0.10613810741687979
logistic_regression,outliers,0.15,recall,0.6194029850746269
logistic_regression,outliers,0.15,f1,0.1812227074235808
logistic_regression,outliers,0.15,roc_auc,0.6659636599610643
random_forest,outliers,0.15,accuracy,0.9244444444444444
random_forest,outliers,0.15,precision,0.2804878048780488
random_forest,outliers,0.15,recall,0.17164179104477612
random_forest,outliers,0.15,f1,0.21296296296296297
random_forest,outliers,0.15,roc_auc,0.7529660299636035
logistic_regression,outliers,0.3,accuracy,0.6662222222222223
logistic_regression,outliers,0.3,precision,0.0988296488946684
logistic_regression,outliers,0.3,recall,0.5671641791044776
logistic_regression,outliers,0.3,f1,0.16832779623477298
logistic_regression,outliers,0.3,roc_auc,0.6555913720621843
random_forest,outliers,0.3,accuracy,0.9222222222222223
random_forest,outliers,0.3,precision,0.2112676056338028
random_forest,outliers,0.3,recall,0.11194029850746269
random_forest,outliers,0.3,f1,0.14634146341463414
random_forest,outliers,0.3,roc_auc,0.7294317636768897
logistic_regression,feature_noise,0.05,accuracy,0.7168888888888889
logistic_regression,feature_noise,0.05,precision,0.13916786226685796
logistic_regression,feature_noise,0.05,recall,0.7238805970149254
logistic_regression,feature_noise,0.05,f1,0.23345367027677497
logistic_regression,feature_noise,0.05,roc_auc,0.7851374037186469
random_forest,feature_noise,0.05,accuracy,0.9222222222222223
random_forest,feature_noise,0.05,precision,0.25882352941176473
random_forest,feature_noise,0.05,recall,0.16417910447761194
random_forest,feature_noise,0.05,f1,0.2009132420091324
random_forest,feature_noise,0.05,roc_auc,0.7737458736562932
logistic_regression,feature_noise,0.15,accuracy,0.7137777777777777
logistic_regression,feature_noise,0.15,precision,0.13983050847457626
logistic_regression,feature_noise,0.15,recall,0.7388059701492538
logistic_regression,feature_noise,0.15,f1,0.23515439429928742
logistic_regression,feature_noise,0.15,roc_auc,0.7815718195412352
random_forest,feature_noise,0.15,accuracy,0.9208888888888889
random_forest,feature_noise,0.15,precision,0.23809523809523808
random_forest,feature_noise,0.15,recall,0.14925373134328357
random_forest,feature_noise,0.15,f1,0.1834862385321101
random_forest,feature_noise,0.15,roc_auc,0.7698311373190757
logistic_regression,feature_noise,0.3,accuracy,0.7062222222222222
logistic_regression,feature_noise,0.3,precision,0.13351877607788595
logistic_regression,feature_noise,0.3,recall,0.7164179104477612
logistic_regression,feature_noise,0.3,f1,0.2250879249706917
logistic_regression,feature_noise,0.3,roc_auc,0.7730228818102305
random_forest,feature_noise,0.3,accuracy,0.9177777777777778
random_forest,feature_noise,0.3,precision,0.20689655172413793
random_forest,feature_noise,0.3,recall,0.13432835820895522
random_forest,feature_noise,0.3,f1,0.16289592760180996
random_forest,feature_noise,0.3,roc_auc,0.7517775019044663
logistic_regression,distribution_shift,0.05,accuracy,0.732
logistic_regression,distribution_shift,0.05,precision,0.14523449319213314
logistic_regression,distribution_shift,0.05,recall,0.7164179104477612
logistic_regression,distribution_shift,0.05,f1,0.24150943396226415
logistic_regression,distribution_shift,0.05,roc_auc,0.781335524645205
random_forest,distribution_shift,0.05,accuracy,0.9262222222222222
random_forest,distribution_shift,0.05,precision,0.2948717948717949
random_forest,distribution_shift,0.05,recall,0.17164179104477612
random_forest,distribution_shift,0.05,f1,0.2169811320754717
random_forest,distribution_shift,0.05,roc_auc,0.7769975735688287
logistic_regression,distribution_shift,0.15,accuracy,0.7457777777777778
logistic_regression,distribution_shift,0.15,precision,0.14098360655737704
logistic_regression,distribution_shift,0.15,recall,0.6417910447761194
logistic_regression,distribution_shift,0.15,f1,0.23118279569892472
logistic_regression,distribution_shift,0.15,roc_auc,0.7715910052760772
random_forest,distribution_shift,0.15,accuracy,0.928
random_forest,distribution_shift,0.15,precision,0.2878787878787879
random_forest,distribution_shift,0.15,recall,0.1417910447761194
random_forest,distribution_shift,0.15,f1,0.19
random_forest,distribution_shift,0.15,roc_auc,0.7391445419405807
logistic_regression,distribution_shift,0.3,accuracy,0.7746666666666666
logistic_regression,distribution_shift,0.3,precision,0.150093808630394
logistic_regression,distribution_shift,0.3,recall,0.5970149253731343
logistic_regression,distribution_shift,0.3,f1,0.239880059970015
logistic_regression,distribution_shift,0.3,roc_auc,0.7692174759472957
random_forest,distribution_shift,0.3,accuracy,0.9302222222222222
random_forest,distribution_shift,0.3,precision,0.2830188679245283
random_forest,distribution_shift,0.3,recall,0.11194029850746269
random_forest,distribution_shift,0.3,f1,0.16042780748663102
random_forest,distribution_shift,0.3,roc_auc,0.7306238185255198
logistic_regression,duplicates,0.05,accuracy,0.7235393734123624
logistic_regression,duplicates,0.05,precision,0.14225941422594143
logistic_regression,duplicates,0.05,recall,0.7285714285714285
logistic_regression,duplicates,0.05,f1,0.23803967327887982
logistic_regression,duplicates,0.05,roc_auc,0.7845409540954096
random_forest,duplicates,0.05,accuracy,0.9242167654530059
random_forest,duplicates,0.05,precision,0.2808988764044944
random_forest,duplicates,0.05,recall,0.17857142857142858
random_forest,duplicates,0.05,f1,0.2183406113537118
random_forest,duplicates,0.05,roc_auc,0.7753021730744504
logistic_regression,duplicates,0.15,accuracy,0.7193660610746038
logistic_regression,duplicates,0.15,precision,0.14303638644918445
logistic_regression,duplicates,0.15,recall,0.7261146496815286
logistic_regression,duplicates,0.15,f1,0.2389937106918239
logistic_regression,duplicates,0.15,roc_auc,0.7844171843464129
random_forest,duplicates,0.15,accuracy,0.9215307305759567
random_forest,duplicates,0.15,precision,0.27
random_forest,duplicates,0.15,recall,0.17197452229299362
random_forest,duplicates,0.15,f1,0.21011673151750973
random_forest,duplicates,0.15,roc_auc,0.7706875311263139
logistic_regression,duplicates,0.3,accuracy,0.7182905982905983
logistic_regression,duplicates,0.3,precision,0.14301430143014301
logistic_regression,duplicates,0.3,recall,0.7428571428571429
logistic_regression,duplicates,0.3,f1,0.23985239852398524
logistic_regression,duplicates,0.3,roc_auc,0.788027012987013
random_forest,duplicates,0.3,accuracy,0.9230769230769231
random_forest,duplicates,0.3,precision,0.2767857142857143
random_forest,duplicates,0.3,recall,0.17714285714285713
random_forest,duplicates,0.3,f1,0.21602787456445993
random_forest,duplicates,0.3,roc_auc,0.7774088311688312
logistic_regression,corrupt_categories,0.05,accuracy,0.7142222222222222
logistic_regression,corrupt_categories,0.05,precision,0.1369472182596291
logistic_regression,corrupt_categories,0.05,recall,0.7164179104477612
logistic_regression,corrupt_categories,0.05,f1,0.22994011976047904
logistic_regression,corrupt_categories,0.05,roc_auc,0.7807606579578478
random_forest,corrupt_categories,0.05,accuracy,0.9235555555555556
random_forest,corrupt_categories,0.05,precision,0.27906976744186046
random_forest,corrupt_categories,0.05,recall,0.1791044776119403
random_forest,corrupt_categories,0.05,f1,0.21818181818181817
random_forest,corrupt_categories,0.05,roc_auc,0.7684204215218802
logistic_regression,corrupt_categories,0.15,accuracy,0.7128888888888889
logistic_regression,corrupt_categories,0.15,precision,0.13636363636363635
logistic_regression,corrupt_categories,0.15,recall,0.7164179104477612
logistic_regression,corrupt_categories,0.15,f1,0.22911694510739858
logistic_regression,corrupt_categories,0.15,roc_auc,0.7826016420731879
random_forest,corrupt_categories,0.15,accuracy,0.9257777777777778
random_forest,corrupt_categories,0.15,precision,0.2962962962962963
random_forest,corrupt_categories,0.15,recall,0.1791044776119403
random_forest,corrupt_categories,0.15,f1,0.22325581395348837
random_forest,corrupt_categories,0.15,roc_auc,0.7729523460203708
logistic_regression,corrupt_categories,0.3,accuracy,0.7048888888888889
logistic_regression,corrupt_categories,0.3,precision,0.13194444444444445
logistic_regression,corrupt_categories,0.3,recall,0.7089552238805971
logistic_regression,corrupt_categories,0.3,f1,0.2224824355971897
logistic_regression,corrupt_categories,0.3,roc_auc,0.7799671303219253
random_forest,corrupt_categories,0.3,accuracy,0.9271111111111111
random_forest,corrupt_categories,0.3,precision,0.2972972972972973
random_forest,corrupt_categories,0.3,recall,0.16417910447761194
random_forest,corrupt_categories,0.3,f1,0.21153846153846154
random_forest,corrupt_categories,0.3,roc_auc,0.7678102869395932
logistic_regression,missing_features,0.05,accuracy,0.7391111111111112
logistic_regression,missing_features,0.05,precision,0.11149228130360206
logistic_regression,missing_features,0.05,recall,0.48507462686567165
logistic_regression,missing_features,0.05,f1,0.18131101813110181
logistic_regression,missing_features,0.05,roc_auc,0.7316501142679795
random_forest,missing_features,0.05,accuracy,0.936
random_forest,missing_features,0.05,precision,0.4074074074074074
random_forest,missing_features,0.05,recall,0.16417910447761194
random_forest,missing_features,0.05,f1,0.23404255319148937
random_forest,missing_features,0.05,roc_auc,0.7236619360663601
logistic_regression,missing_features,0.15,accuracy,0.7142222222222222
logistic_regression,missing_features,0.15,precision,0.10785824345146379
logistic_regression,missing_features,0.15,recall,0.5223880597014925
logistic_regression,missing_features,0.15,f1,0.17879948914431673
logistic_regression,missing_features,0.15,roc_auc,0.731819400163643
random_forest,missing_features,0.15,accuracy,0.9364444444444444
random_forest,missing_features,0.15,precision,0.4117647058823529
random_forest,missing_features,0.15,recall,0.15671641791044777
random_forest,missing_features,0.15,f1,0.22702702702702704
random_forest,missing_features,0.15,roc_auc,0.7296786389413987
logistic_regression,missing_features,0.3,accuracy,0.652
logistic_regression,missing_features,0.3,precision,0.11137724550898204
logistic_regression,missing_features,0.3,recall,0.6940298507462687
logistic_regression,missing_features,0.3,f1,0.19195046439628483
logistic_regression,missing_features,0.3,roc_auc,0.748758570098468
random_forest,missing_features,0.3,accuracy,0.9048888888888889
random_forest,missing_features,0.3,precision,0.23684210526315788
random_forest,missing_features,0.3,recall,0.26865671641791045
random_forest,missing_features,0.3,f1,0.2517482517482518
random_forest,missing_features,0.3,roc_auc,0.7348312783906554
logistic_regression,feature_scale_change,0.05,accuracy,0.7684444444444445
logistic_regression,feature_scale_change,0.05,precision,0.14754098360655737
logistic_regression,feature_scale_change,0.05,recall,0.6044776119402985
logistic_regression,feature_scale_change,0.05,f1,0.23718887262079064
logistic_regression,feature_scale_change,0.05,roc_auc,0.7845449030838246
random_forest,feature_scale_change,0.05,accuracy,0.9262222222222222
random_forest,feature_scale_change,0.05,precision,0.2714285714285714
random_forest,feature_scale_change,0.05,recall,0.1417910447761194
random_forest,feature_scale_change,0.05,f1,0.18627450980392157
random_forest,feature_scale_change,0.05,roc_auc,0.7577236689896454
logistic_regression,feature_scale_change,0.15,accuracy,0.82
logistic_regression,feature_scale_change,0.15,precision,0.16377171215880892
logistic_regression,feature_scale_change,0.15,recall,0.4925373134328358
logistic_regression,feature_scale_change,0.15,f1,0.24581005586592178
logistic_regression,feature_scale_change,0.15,roc_auc,0.7792547188443415
random_forest,feature_scale_change,0.15,accuracy,0.9382222222222222
random_forest,feature_scale_change,0.15,precision,0.2727272727272727
random_forest,feature_scale_change,0.15,recall,0.022388059701492536
random_forest,feature_scale_change,0.15,f1,0.041379310344827586
random_forest,feature_scale_change,0.15,roc_auc,0.7195391191490563
logistic_regression,feature_scale_change,0.3,accuracy,0.8506666666666667
logistic_regression,feature_scale_change,0.3,precision,0.17419354838709677
logistic_regression,feature_scale_change,0.3,recall,0.40298507462686567
logistic_regression,feature_scale_change,0.3,f1,0.24324324324324326
logistic_regression,feature_scale_change,0.3,roc_auc,0.7729629263888498
random_forest,feature_scale_change,0.3,accuracy,0.9408888888888889
random_forest,feature_scale_change,0.3,precision,0.6
random_forest,feature_scale_change,0.3,recall,0.022388059701492536
random_forest,feature_scale_change,0.3,f1,0.04316546762589928
random_forest,feature_scale_change,0.3,roc_auc,0.6700952938521005
